username,password,expected
Megan Hill,X#zv4FSrnJ,1
Norman Willis,!da0INucQc,1
Jessica Mcpherson,o!2qYGYl*(,1
Rebecca Raymond,)x%o19Yu+9,1
Amy Wood,(3DDfUilhQ,1
Brett Lam,I@261cspYN,1
Debra Allen,H)#B0VxefY,1
Michael Fritz,Kg7KDAAYq^,1
Daniel Santiago,IBLdV0Ta^9,1
Christine Haley,_0+hVp*9LN,1
Amanda Campbell,e(!2kCGg2b,1
Dan Jackson,&iJPTLJPm4,1
,2P8EcgE8n(,0
Alexa Singh,,0
,,0
Jessica Pace,7L929tDcb+,1
Teresa Jennings,daTo&BBu+8,1
Amy Kaiser,*PZGbCSF87,1
Michael Hanson,u7(9Ki)J+q,1
Lindsey Ware,S4F9rCzG!3,1
Andrew Daniels,zR04XItZ#f,1
Steven Harvey,^Ap8FCNx8d,1
Stephen Barker,W25!^9CjC6,1
Angela Short,c**6Bdyxc9,1
Courtney Shaffer,P!h50Emy1P,1
Emily Harvey,l#*_5KRuP^,1
Danielle Lee,67rT%qli+R,1
Brian Trevino,)vPQr!hq58,1
Kathryn Brown,t)6VNzxo&m,1
Sarah Clay,%HMIPSbRz9,1
Joshua Livingston,q02RXA7S(T,1
Paul Nelson,C@$9OdaYLL,1
Daniel Snow,$1ZCuttL67,1
Steven Ramirez,!UCgqBOq@4,1
Kenneth Smith,*8&*GAtynk,1
Ashley Williams,1NLA!f+s^p,1
Kathryn Fleming,7DqgVx)b(K,1
Jennifer Jarvis,#RA3LzKxa_,1
Jennifer Gardner,V3GJ$B7w@j,1
Thomas Day,w*vB8SUfK$,1
Ashlee Heath,^ELk8gVi!4,1
Jacob Spence,aOL5GZKO+7,1
Dylan Bates,&0QR8Fms1g,1
Angela Hoover,zXt5TG9x@A,1
Darrell Anderson,Xmx8Ltql%O,1
Kathryn Hardin,#1CMCKv##J,1
Susan Thompson,847qKRp&(!,1
Cynthia Gibbs,L7%2U%Pr^z,1
Joseph Moore,^vgu1U1l7W,1
Marc Sanchez,h9X5mL%t$6,1
Angela Brown,6#JE0gju+0,1
John Mccall,WY9Cwc5r$9,1
Jason Alvarez,_(Z%7MwPyg,1
Andrew Gomez,&60jSxLdsT,1
Amy Wyatt,*8cqtZeN@n,1
Briana Trujillo,yoLB)CGZ$5,1
Michelle Massey,*ry6hIdjj&,1
Albert Lewis,g$4)oAOsSg,1
Brad Castro,)37f#LRb9n,1
Mike Ortiz,(9gz3Tn5@s,1
Jacqueline Nelson,k)TGPesZ$5,1
Andrea Jones,__E40Nb8xW,1
Kimberly Harrison,66YvZHF+(g,1
Audrey Fischer,1qM1bjV3!j,1
Nicholas Peterson,*5V#YC1r98,1
Kimberly Lang,%v5YGmJaZI,1
Cameron Prince,7LKS7sr+$4,1
Andrew Lane,%1DlgX@c%F,1
Joseph Dunlap,Bn2fxMSl)w,1
Denise Knight,R*7NEWsn%g,1
Dawn Pacheco,@065WnGIi$,1
Nicholas Collins,7+&JPomi+2,1
Robert Ellison,YG3PLEXu&K,1
Shannon Gould,t9i&KaD^#O,1
Rebecca Martinez,1nzKh)kf%_,1
Patricia Griffin,@(0%MV@nB6,1
Brandy Martinez,L8Ud+BVB)a,1
Gloria Wood,S^5GHc6!^W,1
Diane Parker,jf@9vIm4LS,1
Michael Miller,ic0nWn&D&N,1
Jonathan Williams,6BC4Q*qF#F,1
Connie Little,583vyAaGu!,1
Elizabeth Lowe,wr_u5XZwB!,1
Timothy Camacho,g7EdVqRy(*,1
Casey Moore,oR2Z*Ls1!^,1
Christopher May,P4FRwxkq!E,1
Kevin Padilla,$X^xG3d+D2,1
Carla Smith,%p_W1SRlZ&,1
Robert White,y9)ZWdNN%k,1
Jerry Smith,^8LAcje5i(,1
Chelsea Lyons,Y7NfTQtd#2,1
Theresa Perez,n#ngXOS((0,1
Stephanie Baldwin,J(2^G3l_$(,1
Melissa Hall,_p1%#Dl%8(,1
Stacey Moore,)O#5Nac^Ia,1
Victoria Cameron,F3W%CW3a_h,1
Jacqueline Robinson,O2W)fOar%l,1
Melissa Klein,cI9LIguE!H,1
Craig Evans,Qth^0PeInJ,1
Annette Miller,+rz7*fLx0$,1
